rank,n_decimal,log_n,largest_prime_factor,sigma_over_n,robin_boundary,robin_index,robin_margin,exponents
1,10080,9.21830854162536,7,3.9000000000000004,3.9561030321767445,1.755814338925297,0.05610303217674417,2^5 3^2 5^1 7^1
2,55440,10.923056633863785,11,4.187012987012988,4.258323018227202,1.7512465148874945,0.07131003121421386,2^4 3^2 5^1 7^1 11^1
3,245520274258227649331638215426908243018324431489025367257867640987122738989476873122857889915173872192676559018842543739713491840000,302.53685652359326,283,10.09310991084928,10.173847404816296,1.766938205250362,0.0807374939670158,2^10 3^6 5^4 7^3 11^2 13^2 17^2 19^2 23^1 29^1 31^1 37^1 41^1 43^1 47^1 53^1 59^1 61^1 67^1 71^1 73^1 79^1 83^1 89^1 97^1 101^1 103^1 107^1 109^1 113^1 127^1 131^1 137^1 139^1 149^1 151^1 157^1 163^1 167^1 173^1 179^1 181^1 191^1 193^1 197^1 199^1 211^1 223^1 227^1 229^1 233^1 239^1 241^1 251^1 257^1 263^1 269^1 271^1 277^1 281^1 283^1
4,5646966307939235934627678954818889589421461924247583446930955742703822996757968081825731468048999060431560857433378506013410312320000,305.67235073952236,283,10.111394530252998,10.192211453476942,1.7669497917556438,0.08081692322394396,2^10 3^6 5^4 7^3 11^2 13^2 17^2 19^2 23^2 29^1 31^1 37^1 41^1 43^1 47^1 53^1 59^1 61^1 67^1 71^1 73^1 79^1 83^1 89^1 97^1 101^1 103^1 107^1 109^1 113^1 127^1 131^1 137^1 139^1 149^1 151^1 157^1 163^1 167^1 173^1 179^1 181^1 191^1 193^1 197^1 199^1 211^1 223^1 227^1 229^1 233^1 239^1 241^1 251^1 257^1 263^1 269^1 271^1 277^1 281^1 283^1
5,122760137129113824665819107713454121509162215744512683628933820493561369494738436561428944957586936096338279509421271869856745920000,301.8437093430333,283,10.088179226965133,10.169762078662881,1.766784476363254,0.08158285169774793,2^9 3^6 5^4 7^3 11^2 13^2 17^2 19^2 23^1 29^1 31^1 37^1 41^1 43^1 47^1 53^1 59^1 61^1 67^1 71^1 73^1 79^1 83^1 89^1 97^1 101^1 103^1 107^1 109^1 113^1 127^1 131^1 137^1 139^1 149^1 151^1 157^1 163^1 167^1 173^1 179^1 181^1 191^1 193^1 197^1 199^1 211^1 223^1 227^1 229^1 233^1 239^1 241^1 251^1 257^1 263^1 269^1 271^1 277^1 281^1 283^1
6,2823483153969617967313839477409444794710730962123791723465477871351911498378984040912865734024499530215780428716689253006705156160000,304.9792035589624,283,10.10645491397051,10.188168080963024,1.7667875076156885,0.08171316699251463,2^9 3^6 5^4 7^3 11^2 13^2 17^2 19^2 23^2 29^1 31^1 37^1 41^1 43^1 47^1 53^1 59^1 61^1 67^1 71^1 73^1 79^1 83^1 89^1 97^1 101^1 103^1 107^1 109^1 113^1 127^1 131^1 137^1 139^1 149^1 151^1 157^1 163^1 167^1 173^1 179^1 181^1 191^1 193^1 197^1 199^1 211^1 223^1 227^1 229^1 233^1 239^1 241^1 251^1 257^1 263^1 269^1 271^1 277^1 281^1 283^1
7,491040548516455298663276430853816486036648862978050734515735281974245477978953746245715779830347744385353118037685087479426983680000,303.2300037041532,283,10.09557525279136,10.177923381713537,1.7666620146499739,0.08234812892217747,2^11 3^6 5^4 7^3 11^2 13^2 17^2 19^2 23^1 29^1 31^1 37^1 41^1 43^1 47^1 53^1 59^1 61^1 67^1 71^1 73^1 79^1 83^1 89^1 97^1 101^1 103^1 107^1 109^1 113^1 127^1 131^1 137^1 139^1 149^1 151^1 157^1 163^1 167^1 173^1 179^1 181^1 191^1 193^1 197^1 199^1 211^1 223^1 227^1 229^1 233^1 239^1 241^1 251^1 257^1 263^1 269^1 271^1 277^1 281^1 283^1
8,11293932615878471869255357909637779178842923848495166893861911485407645993515936163651462936097998120863121714866757012026820624640000,306.3654979200823,283,10.113864338394238,10.196245667555107,1.7666821102328352,0.08238132916086904,2^11 3^6 5^4 7^3 11^2 13^2 17^2 19^2 23^2 29^1 31^1 37^1 41^1 43^1 47^1 53^1 59^1 61^1 67^1 71^1 73^1 79^1 83^1 89^1 97^1 101^1 103^1 107^1 109^1 113^1 127^1 131^1 137^1 139^1 149^1 151^1 157^1 163^1 167^1 173^1 179^1 181^1 191^1 193^1 197^1 199^1 211^1 223^1 227^1 229^1 233^1 239^1 241^1 251^1 257^1 263^1 269^1 271^1 277^1 281^1 283^1
9,867562806566175439334410655218757042467577496427651474409426293240716392188964215981829999700261032482956038935839377172132480000,296.89140962595,281,10.057570791444881,10.140297945671097,1.7665419719026612,0.08272715422621602,2^10 3^6 5^4 7^3 11^2 13^2 17^2 19^2 23^1 29^1 31^1 37^1 41^1 43^1 47^1 53^1 59^1 61^1 67^1 71^1 73^1 79^1 83^1 89^1 97^1 101^1 103^1 107^1 109^1 113^1 127^1 131^1 137^1 139^1 149^1 151^1 157^1 163^1 167^1 173^1 179^1 181^1 191^1 193^1 197^1 199^1 211^1 223^1 227^1 229^1 233^1 239^1 241^1 251^1 257^1 263^1 269^1 271^1 277^1 281^1
10,19953944551022035104691445070031411976754282417835983911416804744536477020346176967582089993106003747107988895524305674959047040000,300.0269038418791,281,10.07579102838591,10.159009362300104,1.7664826214933362,0.08321833391419453,2^10 3^6 5^4 7^3 11^2 13^2 17^2 19^2 23^2 29^1 31^1 37^1 41^1 43^1 47^1 53^1 59^1 61^1 67^1 71^1 73^1 79^1 83^1 89^1 97^1 101^1 103^1 107^1 109^1 113^1 127^1 131^1 137^1 139^1 149^1 151^1 157^1 163^1 167^1 173^1 179^1 181^1 191^1 193^1 197^1 199^1 211^1 223^1 227^1 229^1 233^1 239^1 241^1 251^1 257^1 263^1 269^1 271^1 277^1 281^1
11,433781403283087719667205327609378521233788748213825737204713146620358196094482107990914999850130516241478019467919688586066240000,296.19826244539007,281,10.052657469123705,10.136134845401052,1.7664041785990034,0.0834773762773473,2^9 3^6 5^4 7^3 11^2 13^2 17^2 19^2 23^1 29^1 31^1 37^1 41^1 43^1 47^1 53^1 59^1 61^1 67^1 71^1 73^1 79^1 83^1 89^1 97^1 101^1 103^1 107^1 109^1 113^1 127^1 131^1 137^1 139^1 149^1 151^1 157^1 163^1 167^1 173^1 179^1 181^1 191^1 193^1 197^1 199^1 211^1 223^1 227^1 229^1 233^1 239^1 241^1 251^1 257^1 263^1 269^1 271^1 277^1 281^1
12,81840091419409216443879405142302747672774810496341789085955880329040912996492291040952629971724624064225519672947514579904497280000,301.43824423492515,283,10.08387559254109,10.167367964849385,1.7664466110020987,0.0834923723082941,2^10 3^5 5^4 7^3 11^2 13^2 17^2 19^2 23^1 29^1 31^1 37^1 41^1 43^1 47^1 53^1 59^1 61^1 67^1 71^1 73^1 79^1 83^1 89^1 97^1 101^1 103^1 107^1 109^1 113^1 127^1 131^1 137^1 139^1 149^1 151^1 157^1 163^1 167^1 173^1 179^1 181^1 191^1 193^1 197^1 199^1 211^1 223^1 227^1 229^1 233^1 239^1 241^1 251^1 257^1 263^1 269^1 271^1 277^1 281^1 283^1
13,1882322102646411978209226318272963196473820641415861148976985247567940998919322693941910489349666353477186952477792835337803437440000,304.57373845085425,283,10.102143483107294,10.185798597437476,1.766444618772296,0.08365511433018114,2^10 3^5 5^4 7^3 11^2 13^2 17^2 19^2 23^2 29^1 31^1 37^1 41^1 43^1 47^1 53^1 59^1 61^1 67^1 71^1 73^1 79^1 83^1 89^1 97^1 101^1 103^1 107^1 109^1 113^1 127^1 131^1 137^1 139^1 149^1 151^1 157^1 163^1 167^1 173^1 179^1 181^1 191^1 193^1 197^1 199^1 211^1 223^1 227^1 229^1 233^1 239^1 241^1 251^1 257^1 263^1 269^1 271^1 277^1 281^1 283^1
14,9976972275511017552345722535015705988377141208917991955708402372268238510173088483791044996553001873553994447762152837479523520000,299.33375666131917,281,10.070868805118499,10.154889819738724,1.7663359201720974,0.08402101462022493,2^9 3^6 5^4 7^3 11^2 13^2 17^2 19^2 23^2 29^1 31^1 37^1 41^1 43^1 47^1 53^1 59^1 61^1 67^1 71^1 73^1 79^1 83^1 89^1 97^1 101^1 103^1 107^1 109^1 113^1 127^1 131^1 137^1 139^1 149^1 151^1 157^1 163^1 167^1 173^1 179^1 181^1 191^1 193^1 197^1 199^1 211^1 223^1 227^1 229^1 233^1 239^1 241^1 251^1 257^1 263^1 269^1 271^1 277^1 281^1
15,736560822774682947994914646280724729054973294467076101773602922961368216968430619368573669745521616578029677056527631219140475520000,303.63546881226137,283,10.09618801695201,10.180303358366258,1.7663562048039152,0.08411534141424859,2^10 3^7 5^4 7^3 11^2 13^2 17^2 19^2 23^1 29^1 31^1 37^1 41^1 43^1 47^1 53^1 59^1 61^1 67^1 71^1 73^1 79^1 83^1 89^1 97^1 101^1 103^1 107^1 109^1 113^1 127^1 131^1 137^1 139^1 149^1 151^1 157^1 163^1 167^1 173^1 179^1 181^1 191^1 193^1 197^1 199^1 211^1 223^1 227^1 229^1 233^1 239^1 241^1 251^1 257^1 263^1 269^1 271^1 277^1 281^1 283^1
16,16940898923817707803883036864456668768264385772742750340792867228111468990273904245477194404146997181294682572300135518040230936960000,306.77096302819047,283,10.114478212634898,10.19860130246438,1.7663812549014715,0.08412308982948247,2^10 3^7 5^4 7^3 11^2 13^2 17^2 19^2 23^2 29^1 31^1 37^1 41^1 43^1 47^1 53^1 59^1 61^1 67^1 71^1 73^1 79^1 83^1 89^1 97^1 101^1 103^1 107^1 109^1 113^1 127^1 131^1 137^1 139^1 149^1 151^1 157^1 163^1 167^1 173^1 179^1 181^1 191^1 193^1 197^1 199^1 211^1 223^1 227^1 229^1 233^1 239^1 241^1 251^1 257^1 263^1 269^1 271^1 277^1 281^1 283^1
17,49104054851645529866327643085381648603664886297805073451573528197424547797895374624571577983034774438535311803768508747942698368000,300.9274186111591,283,10.080186594702226,10.164347149742845,1.7663251803115456,0.08416055504061859,2^10 3^6 5^3 7^3 11^2 13^2 17^2 19^2 23^1 29^1 31^1 37^1 41^1 43^1 47^1 53^1 59^1 61^1 67^1 71^1 73^1 79^1 83^1 89^1 97^1 101^1 103^1 107^1 109^1 113^1 127^1 131^1 137^1 139^1 149^1 151^1 157^1 163^1 167^1 173^1 179^1 181^1 191^1 193^1 197^1 199^1 211^1 223^1 227^1 229^1 233^1 239^1 241^1 251^1 257^1 263^1 269^1 271^1 277^1 281^1 283^1
18,3087412123011300495851995214301626485649741980169578200745289299789026306722292583565231315659291930544327540696937285310080000,291.25305495661627,277,10.021905646794366,10.10614774533482,1.7662258827994497,0.08424209854045372,2^10 3^6 5^4 7^3 11^2 13^2 17^2 19^2 23^1 29^1 31^1 37^1 41^1 43^1 47^1 53^1 59^1 61^1 67^1 71^1 73^1 79^1 83^1 89^1 97^1 101^1 103^1 107^1 109^1 113^1 127^1 131^1 137^1 139^1 149^1 151^1 157^1 163^1 167^1 173^1 179^1 181^1 191^1 193^1 197^1 199^1 211^1 223^1 227^1 229^1 233^1 239^1 241^1 251^1 257^1 263^1 269^1 271^1 277^1
19,40920045709704608221939702571151373836387405248170894542977940164520456498246145520476314985862312032112759836473757289952248640000,300.7450970543652,283,10.078949419804138,10.163267732294,1.7662959676729462,0.08431831248986299,2^9 3^5 5^4 7^3 11^2 13^2 17^2 19^2 23^1 29^1 31^1 37^1 41^1 43^1 47^1 53^1 59^1 61^1 67^1 71^1 73^1 79^1 83^1 89^1 97^1 101^1 103^1 107^1 109^1 113^1 127^1 131^1 137^1 139^1 149^1 151^1 157^1 163^1 167^1 173^1 179^1 181^1 191^1 193^1 197^1 199^1 211^1 223^1 227^1 229^1 233^1 239^1 241^1 251^1 257^1 263^1 269^1 271^1 277^1 281^1 283^1
20,1129393261587847186925535790963777917884292384849516689386191148540764599351593616365146293609799812086312171486675701202682062464000,304.06291282708827,283,10.09844780230133,10.182808906821204,1.7663168394669786,0.08436110451987489,2^10 3^6 5^3 7^3 11^2 13^2 17^2 19^2 23^2 29^1 31^1 37^1 41^1 43^1 47^1 53^1 59^1 61^1 67^1 71^1 73^1 79^1 83^1 89^1 97^1 101^1 103^1 107^1 109^1 113^1 127^1 131^1 137^1 139^1 149^1 151^1 157^1 163^1 167^1 173^1 179^1 181^1 191^1 193^1 197^1 199^1 211^1 223^1 227^1 229^1 233^1 239^1 241^1 251^1 257^1 263^1 269^1 271^1 277^1 281^1 283^1
21,1735125613132350878668821310437514084935154992855302948818852586481432784377928431963659999400522064965912077871678754344264960000,297.58455680650997,281,10.060027452605475,10.144451337747723,1.76625002412776,0.08442388514224852,2^11 3^6 5^4 7^3 11^2 13^2 17^2 19^2 23^1 29^1 31^1 37^1 41^1 43^1 47^1 53^1 59^1 61^1 67^1 71^1 73^1 79^1 83^1 89^1 97^1 101^1 103^1 107^1 109^1 113^1 127^1 131^1 137^1 139^1 149^1 151^1 157^1 163^1 167^1 173^1 179^1 181^1 191^1 193^1 197^1 199^1 211^1 223^1 227^1 229^1 233^1 239^1 241^1 251^1 257^1 263^1 269^1 271^1 277^1 281^1
22,941161051323205989104613159136481598236910320707930574488492623783970499459661346970955244674833176738593476238896417668901718720000,303.8805912702943,283,10.097208386144368,10.1817406236549,1.7662853553232098,0.08453223751053152,2^9 3^5 5^4 7^3 11^2 13^2 17^2 19^2 23^2 29^1 31^1 37^1 41^1 43^1 47^1 53^1 59^1 61^1 67^1 71^1 73^1 79^1 83^1 89^1 97^1 101^1 103^1 107^1 109^1 113^1 127^1 131^1 137^1 139^1 149^1 151^1 157^1 163^1 167^1 173^1 179^1 181^1 191^1 193^1 197^1 199^1 211^1 223^1 227^1 229^1 233^1 239^1 241^1 251^1 257^1 263^1 269^1 271^1 277^1 281^1 283^1
23,39907889102044070209382890140062823953508564835671967822833609489072954040692353935164179986212007494215977791048611349918094080000,300.72005102243907,281,10.078252140019611,10.163119398523333,1.7661995499873497,0.08486725850372245,2^11 3^6 5^4 7^3 11^2 13^2 17^2 19^2 23^2 29^1 31^1 37^1 41^1 43^1 47^1 53^1 59^1 61^1 67^1 71^1 73^1 79^1 83^1 89^1 97^1 101^1 103^1 107^1 109^1 113^1 127^1 131^1 137^1 139^1 149^1 151^1 157^1 163^1 167^1 173^1 179^1 181^1 191^1 193^1 197^1 199^1 211^1 223^1 227^1 229^1 233^1 239^1 241^1 251^1 257^1 263^1 269^1 271^1 277^1 281^1
24,1543706061505650247925997607150813242824870990084789100372644649894513153361146291782615657829645965272163770348468642655040000,290.5599077760563,277,10.017009747601987,10.101903955704621,1.766104671992837,0.08489420810263404,2^9 3^6 5^4 7^3 11^2 13^2 17^2 19^2 23^1 29^1 31^1 37^1 41^1 43^1 47^1 53^1 59^1 61^1 67^1 71^1 73^1 79^1 83^1 89^1 97^1 101^1 103^1 107^1 109^1 113^1 127^1 131^1 137^1 139^1 149^1 151^1 157^1 163^1 167^1 173^1 179^1 181^1 191^1 193^1 197^1 199^1 211^1 223^1 227^1 229^1 233^1 239^1 241^1 251^1 257^1 263^1 269^1 271^1 277^1
25,71010478829259911404595889928937409169944065543900298617141653895147605054612729422000320260163714402519533436029557562131840000,294.38854917254537,277,10.0400612729661,10.125219462870387,1.7660927028580284,0.0851581899042877,2^10 3^6 5^4 7^3 11^2 13^2 17^2 19^2 23^2 29^1 31^1 37^1 41^1 43^1 47^1 53^1 59^1 61^1 67^1 71^1 73^1 79^1 83^1 89^1 97^1 101^1 103^1 107^1 109^1 113^1 127^1 131^1 137^1 139^1 149^1 151^1 157^1 163^1 167^1 173^1 179^1 181^1 191^1 193^1 197^1 199^1 211^1 223^1 227^1 229^1 233^1 239^1 241^1 251^1 257^1 263^1 269^1 271^1 277^1
