epsilon,last_prime,beta_error_e,theta_minus_x,ca_layer_h,true_deficit_a,bridge_b,bridge_quadratic_remainder,endpoint_term,modified_error_w,reserve_after_cancellation,exact_gap,reconstructed_gap,reconstruction_error,scaled_endpoint,scaled_modified_error_w,scaled_a_plus_h,scaled_reserve_after_cancellation,scaled_exact_gap
0.001,181,0.01822172732684213,-13.527965898906643,24.846380696446943,0.018019079199661874,0.011600323390995754,-0.0004286684624866654,-0.014377259934624392,0.032598987261466525,0.04399666252528202,0.0113976752638155,0.011397675263815493,-6.938893903907228e-18,-1.0055257863288591,2.2799283346522423,3.1070465497265127,3.077066067021444,0.797137732369202
0.0005,337,0.008638265432628245,-25.38104099475197,34.327511273204664,0.011317049645741862,0.004491743941966551,-6.959820177803756e-05,-0.012940479131787171,0.021578744564415414,0.02874927271949558,0.007170528155080166,0.007170528155080166,0.0,-1.3825934023613222,2.305527450889728,3.079080797045621,3.0716447497698938,0.7661172988801659
0.0002,751,0.006010177802896477,-31.81378882228455,45.31844904970285,0.008186709650321443,0.0026880284016130756,-2.7744995435918275e-05,-0.006397720482258443,0.012407898285154921,0.01727245853419296,0.004864560249038041,0.004864560249038041,0.0,-1.160901641889771,2.2514815287073593,3.13921727875858,3.13418279642302,0.8827012677156606
0.0001,1381,0.0033852104769158675,-49.93192155675388,67.06773134596574,0.004853384622915941,0.0017040728258801503,-1.2012313409041605e-05,-0.005000489011826272,0.00838569948874214,0.011557946460622363,0.003172246971880224,0.0031722469718802222,-1.734723475976807e-18,-1.343635408794628,2.2532441795067384,3.108857203828763,3.105629485579657,0.8523853060729191
5e-05,2549,0.002224799495487151,-68.37913928935768,88.05610000027264,0.0034271268166228388,0.00097993437174505,-4.2595895365217604e-06,-0.0034201590863006813,0.005644958581787832,0.00782722027466857,0.0021822616928807376,0.0021822616928807385,8.673617379884035e-19,-1.3543743247981963,2.23538928301493,3.101246165927895,3.099559379273569,0.8641700962586387
2e-05,5749,0.0017024777119707402,-81.30346993201601,138.22880781120602,0.001890158350122061,0.001137544783806851,-6.273059712497749e-06,-0.0016336549437025844,0.0033361326556733246,0.004661358077631496,0.0013252254219581717,0.0013252254219581713,-4.336808689942018e-19,-1.0722916566569949,2.18975691651977,3.0637203677679214,3.0596028828502204,0.8698459663304511
1e-05,10753,0.001285610004888138,-98.74535552060115,179.61821627190147,0.0013371385764206468,0.0008068342759826399,-3.3570954925566266e-06,-0.0009892395826340962,0.0022748495875222342,0.0031332124350373827,0.0008583628475151489,0.0008583628475151484,-4.336808689942018e-19,-0.9522519153580966,2.1897929630974713,3.0192931980621642,3.016061624367635,0.8262686612701639
5e-06,20173,0.0006738254632785434,-169.527502986919,240.3090604919198,0.0009256199945012035,0.00035330226041898824,-6.819868641115773e-07,-0.000847820642183074,0.0015216461054616175,0.002126742897103266,0.0006050967916416483,0.0006050967916416483,0.0,-1.193589311220407,2.1422225840863187,2.9950575340903995,2.994097410933572,0.8518748268472532
2e-06,46511,0.00034999484013065185,-283.975291535382,362.58521184764686,0.0005486882168572428,0.000157114264083189,-1.450883962613456e-07,-0.0005680933181158525,0.0009180881582465044,0.0012738957990562844,0.0003558076408097799,0.00035580764080978,1.0842021724855044e-19,-1.3167481460031343,2.1279794035387423,2.953020081364894,2.952683790000973,0.8247043864622304
1e-06,87833,0.0003033931804115042,-318.4899950999243,480.9827292579139,0.0003877181764088573,0.0001623586657242228,-1.633301281793963e-07,-0.00031854734878381896,0.0006219405291953232,0.000868624190916899,0.0002466836617215759,0.0002466836617215758,-1.0842021724855044e-19,-1.0746497347524087,2.098175443252904,2.9309372142378405,2.9303862045383555,0.8322107612854522
5e-07,166357,0.0001494894195062102,-558.6874927154277,640.6606803844043,0.0002719372118436677,4.0977180079412866e-05,-1.0934802276685014e-08,-0.0002793541130406663,0.0004288435325468765,0.0005922685049637469,0.00016342497241687035,0.0001634249724168704,5.421010862427522e-20,-1.369772393015427,2.102772088844857,2.9041563652368394,2.9041027480191843,0.8013306591743272
2e-07,388489,8.614145524576955e-05,-863.7514360054629,986.4581875349395,0.00016139347919995564,2.453785521860239e-05,-4.176118955464045e-09,-0.00017275508108626308,0.0002588965363320326,0.00035868641550482113,9.978987917278847e-05,9.978987917278853e-05,5.421010862427522e-20,-1.3857963695045272,2.0768007393488848,2.8773227190895407,2.8772892193484583,0.800488479999573
1e-07,739951,9.401787205920442e-05,-819.7149279261939,1332.2243381086737,0.00011231799313525985,5.123215006016196e-05,-1.9053159303186523e-08,-8.197191216102037e-05,0.0001759897842202248,0.00024552205535644217,6.95322711362174e-05,6.953227113621737e-05,-2.710505431213761e-20,-0.9529307984029869,2.045896956244196,2.8544373116372,2.854215816958983,0.8083188607147872
5e-08,1412351,5.8854896458626627e-05,-1242.851962685585,1849.4208445227705,7.609304721178188e-05,3.0321515490463005e-05,-6.970494818866568e-09,-6.214268397337199e-05,0.00012099758043199861,0.0001685572466756169,4.7559666243618255e-05,4.755966624361828e-05,2.710505431213761e-20,-1.0457986613728605,2.0362671766697575,2.836765672170569,2.836648365776887,0.8003811891071289
2e-08,3329267,4.845955427112969e-05,-1269.5344331171364,2745.674356650561,4.7799504894335265e-05,2.9515934104028534e-05,-6.978642125175718e-09,-2.539078694344808e-05,7.385034121457777e-05,0.00010270622594181188,2.885588472723411e-05,2.885588472723411e-05,0.0,-0.6957771653369126,2.0237017932483505,2.814623370565648,2.814432136641053,0.7907303433927028
1e-08,6382007,1.947267979351963e-05,-3133.276907203719,3781.3142777606845,3.300558879254877e-05,6.480048073113736e-06,-3.499874343669448e-10,-3.13328868289676e-05,5.080556662248723e-05,7.08185236946301e-05,2.0012957072142876e-05,2.001295707214287e-05,-6.776263578034403e-21,-1.2402811400450506,2.0110877888505585,2.8032946299060013,2.803280776001748,0.7921929871511901
5e-09,12253883,1.708325438176672e-05,-3573.2351243793964,5206.862064784393,2.278910707192386e-05,8.167558755154668e-06,-5.777739493284718e-10,-1.7866179618270176e-05,3.49494340000369e-05,4.88228454453487e-05,1.3873411445311802e-05,1.3873411445311802e-05,0.0,-1.0207625536206955,1.9967936212280015,2.7894672071286326,2.7894341967131697,0.7926405754851683
2e-09,29093377,9.018002268490477e-06,-6191.205497790128,7933.7576335296035,1.4094532532934954e-05,3.484998075094625e-06,-1.1043892048231705e-10,-1.2382426069110992e-05,2.140042833760147e-05,2.9961956677140566e-05,8.561528339539102e-06,8.561528339539095e-06,-6.776263578034403e-21,-1.1478315343973804,1.9837862433749929,2.777436770435312,2.777426532920075,0.7936402895450824
1e-09,56048351,5.2226264402044364e-06,-9664.0995355919,11029.10209594667,9.69447301087475e-06,1.364985988344562e-06,-1.7553003942343142e-11,-9.664106480942317e-06,1.4886732921146753e-05,2.072356548016163e-05,5.836832559014876e-06,5.836832559014876e-06,0.0,-1.2908624699169948,1.9884636893727992,2.768108529482345,2.7681061848771744,0.7796424955043756
