last_prime,cutoff_y,alpha,block_prime_count,beta_error_e_x,beta_error_e_y,q_exact,partial_order,partial_value,remainder_bound,q_upper,q_upper_margin,max_abs_u,scaled_q,scaled_q_upper,induction_f_gap,induction_c_step_max,induction_margin_c_130,induction_margin_c_135,induction_margin_c_140,induction_margin_c_145
3329267,1823,0.5,238576,4.845955427112969e-05,0.0034427707162882903,-0.003394311162007946,8,-0.0033943111559497276,1.3444595044508905e-29,-0.0033943111559497276,6.058218163240703e-12,0.0005435406538247811,-93.0134305735942,-93.01343040758242,0.0030828895047481904,1.1010161573166646,-0.19898384268333547,-0.2489838426833355,-0.29898384268333533,-0.3489838426833354
3329267,8191,0.6,237829,4.845955427112969e-05,0.0009585939927538867,-0.0009101344384838672,8,-0.0009101344313509994,6.278466498522589e-35,-0.0009101344313509994,7.1328678640653065e-12,0.00011968415229657303,-24.94017854169793,-24.940178346237794,0.0011897278995332884,0.7649937701789047,-0.5350062298210954,-0.5850062298210954,-0.6350062298210952,-0.6850062298210953
3329267,36781,0.7,234957,4.845955427112969e-05,0.0005104408913032543,-0.0004619813370363435,8,-0.0004619813568143032,2.151392959432137e-40,-0.0004619813568143032,-1.977795970617771e-11,2.5666152160486178e-05,-12.65955505190233,-12.659555593872643,0.000459496759814363,1.0054072133195107,-0.2945927866804894,-0.3445927866804894,-0.39459278668048925,-0.4445927866804893
3329267,165133,0.8,223753,4.845955427112969e-05,0.0001787241093809122,-0.00013026455510994905,8,-0.0001302645773768134,3.2694097017813387e-46,-0.0001302645773768134,-2.2266864350625748e-11,5.057414448783604e-06,-3.5696059007600844,-3.569606510933207,0.0001683295485463219,0.7738663740369174,-0.5261336259630827,-0.5761336259630827,-0.6261336259630825,-0.6761336259630826
3329267,741493,0.9,179219,4.845955427112969e-05,8.84892511385793e-05,-4.002969684892277e-05,8,-4.0029709906268176e-05,3.262598093039812e-53,-4.0029709906268176e-05,-1.3057345406731341e-11,7.607091463412985e-07,-1.0969234259998537,-1.0969237838069117,4.942541987195564e-05,0.8099012615365022,-0.49009873846349783,-0.5400987384634979,-0.5900987384634977,-0.6400987384634977
3329267,1163543,0.93,148552,4.845955427112969e-05,7.132046698155037e-05,-2.2860912703204228e-05,8,-2.2860912197134534e-05,5.803328257072925e-56,-2.2860912197134534e-05,5.060696938005878e-13,3.709160358855712e-07,-0.6264516760775117,-0.6264516622098149,2.9882564849101014e-05,0.7650251011777619,-0.5349748988222381,-0.5849748988222382,-0.634974898822238,-0.684974898822238
3329267,1571189,0.95,119713,4.845955427112969e-05,5.454680748728791e-05,-6.087253248486524e-06,8,-6.087259162047739e-06,3.173717370593829e-58,-6.087259162047739e-06,-5.913561214975882e-12,2.0798342892369703e-07,-0.1668074258333602,-0.16680758788114816,1.9424147798412732e-05,0.3133861637186042,-0.9866138362813959,-1.036613836281396,-1.0866138362813957,-1.1366138362813958
3329267,2121667,0.97,81559,4.845955427112969e-05,4.825350181691945e-05,2.0605242845653238e-07,8,2.0606037084038374e-07,3.22369798214149e-61,2.0606037084038374e-07,7.94238385136051e-12,9.785997923117407e-08,0.005646401385730498,0.005646619028820269,1.0634325366155778e-05,,,,,
3329267,2465473,0.98,58110,4.845955427112969e-05,3.640846576358214e-05,1.2051088480246469e-05,8,1.2051086930028727e-05,2.4394507458533e-63,1.2051086930028727e-05,-1.5502177415826959e-12,5.793316737445764e-08,0.33023285968589755,0.3302328172056819,6.77902445665435e-06,,,,,
3329267,2657741,0.985,45058,4.845955427112969e-05,4.436023432186076e-05,4.099319929227671e-06,8,4.0993176846727e-06,9.169835466433755e-65,4.0993176846727e-06,-2.2445549709981263e-12,4.0827778491348e-08,0.11233260341712788,0.11233254191016874,4.9728853518124174e-06,,,,,
3329267,2865001,0.99,31076,4.845955427112969e-05,4.646533920293905e-05,1.9942150448967744e-06,8,1.994214244849332e-06,1.0954132641575318e-66,1.994214244849332e-06,-8.000474422527554e-13,2.5626042177151476e-08,0.05464695891863816,0.05464693699514509,3.243172191415236e-06,,,,,
3329267,3088399,0.995,16133,4.845955427112969e-05,3.1267895562070436e-05,1.7191658701098608e-05,8,1.7191657226260477e-05,1.1481123664660616e-69,1.7191657226260477e-05,-1.4748381315309814e-12,1.3053822467412601e-08,0.47109857544516387,0.47109853503055615,1.5867581628590264e-06,,,,,
6382007,2521,0.5,436900,1.947267979351963e-05,0.0020592194260844465,-0.0020397467463226793,8,-0.0020397467318760596,1.0341751384563249e-30,-0.0020397467318760596,1.4446619681779405e-11,0.0003936691693251504,-80.74134482857137,-80.74134425671632,0.0025175718725790187,0.810203972364264,-0.48979602763573604,-0.5397960276357361,-0.5897960276357359,-0.639796027635736
6382007,12101,0.6,435821,1.947267979351963e-05,0.0006302043836492466,-0.000610731703891032,8,-0.0006107316802124573,2.7788331695667606e-36,-0.0006107316802124573,2.3678574725960466e-11,8.143138581151455e-05,-24.17520664783839,-24.17520571054558,0.0009417079669626806,0.6485361721875083,-0.6514638278124918,-0.7014638278124918,-0.7514638278124917,-0.8014638278124917
6382007,57991,0.7,431396,1.947267979351963e-05,0.0004875481697661499,-0.00046807549001737225,8,-0.00046807545211226,5.858125789329626e-42,-0.00046807545211226,3.790511226295715e-11,1.641095324789177e-05,-18.52830240490869,-18.528300904472548,0.0003533459384836016,1.3246945871828177,0.024694587182817695,-0.02530541281718235,-0.07530541281718217,-0.12530541281718222
6382007,277919,0.8,412994,1.947267979351963e-05,0.0001642270236432708,-0.0001447543438650445,8,-0.00014475431282218914,5.797082094985234e-48,-0.00014475431282218914,3.104285535224238e-11,3.057309981402412e-06,-5.729956630406221,-5.729955401605689,0.0001260632864812842,1.148267008283017,-0.15173299171698296,-0.201732991716983,-0.2517329917169828,-0.30173299171698287
6382007,1331857,0.9,334990,1.947267979351963e-05,5.771670176768495e-05,-3.824402201188515e-05,8,-3.824400619476683e-05,3.9110284644283155e-55,-3.824400619476683e-05,1.5817118319586768e-11,4.362753407427533e-07,-1.5138515477276826,-1.5138509216227964,3.618245901359206e-05,1.0569764255215583,-0.2430235744784417,-0.29302357447844174,-0.34302357447844156,-0.3930235744784416
6382007,2131127,0.93,279316,1.947267979351963e-05,5.09409703566277e-05,-3.146829062880552e-05,8,-3.146829650658405e-05,6.145871899378339e-58,-3.146829650658405e-05,-5.877778529194723e-12,2.094178350731113e-07,-1.2456409646965776,-1.2456411973625905,2.1745225593971234e-05,1.4471358952150164,0.14713589521501635,0.09713589521501631,0.04713589521501649,-0.0028641047849835566
6382007,2915467,0.95,226125,1.947267979351963e-05,3.633742962705355e-05,-1.6864749887893216e-05,8,-1.68647465608334e-05,3.096633348960897e-60,-1.68647465608334e-05,3.3270598156652422e-12,1.1615857054003698e-07,-0.6675743391187565,-0.6675742074204051,1.4081525418356531e-05,1.1976505428061572,-0.10234945719384281,-0.15234945719384285,-0.20234945719384267,-0.2523494571938427
6382007,3988487,0.97,154861,1.947267979351963e-05,2.7303914782006444e-05,-7.831234987775576e-06,8,-7.831246140936689e-06,2.8578860204739126e-63,-7.831246140936689e-06,-1.1153161112560325e-11,5.403226888134327e-08,-0.3099916426985357,-0.3099920841853178,7.681784845798218e-06,1.0194565843926522,-0.28054341560734786,-0.3305434156073479,-0.3805434156073477,-0.43054341560734777
6382007,4665049,0.98,110606,1.947267979351963e-05,2.1815733803887127e-05,-2.3430540302925296e-06,8,-2.343049507953495e-06,2.0555022133989088e-65,-2.343049507953495e-06,4.52233903477616e-12,3.169996887208981e-08,-0.09274746178803091,-0.09274728277574122,4.888488048896125e-06,0.4792994243859472,-0.8207005756140529,-0.8707005756140529,-0.9207005756140527,-0.9707005756140528
6382007,5045251,0.985,85845,1.947267979351963e-05,3.5224340601214266e-05,-1.5751660830324102e-05,8,-1.575165393661506e-05,7.391521422860024e-67,-1.575165393661506e-05,6.893709043144297e-12,2.2148212375228127e-08,-0.6235138166131455,-0.6235135437325342,3.5829849349075154e-06,4.396237835987899,3.096237835987899,3.0462378359878985,2.9962378359878987,2.9462378359878985
6382007,5456417,0.99,59277,1.947267979351963e-05,3.43814244887497e-05,-1.490874470730548e-05,8,-1.4908750538112385e-05,8.586404385279867e-69,-1.4908750538112385e-05,-5.830806904945601e-12,1.3721365155205945e-08,-0.5901478208232728,-0.5901480516299609,2.3347836070570447e-06,6.385495637818279,5.085495637818279,5.035495637818279,4.985495637818278,4.935495637818279
6382007,5901083,0.995,30771,1.947267979351963e-05,1.8892395056369082e-05,5.802847231183711e-07,8,5.802863778306169e-07,6.151405758568595e-72,5.802863778306169e-07,1.654712245829672e-12,6.558109166832082e-09,0.022969993217305286,0.022970058717442628,1.1412882968750184e-06,,,,,
12253883,3499,0.5,803099,1.708325438176672e-05,0.0014357245510203676,-0.0014186412965976336,8,-0.0014186413359313105,7.470018329276815e-32,-0.0014186413359313105,-3.933367694053391e-11,0.00028403688099820634,-81.05235386226242,-81.05235610954445,0.0020541906891128866,0.6906083955350604,-0.6093916044649397,-0.6593916044649397,-0.7093916044649395,-0.7593916044649396
12253883,17903,0.6,801537,1.708325438176672e-05,0.0006443949225363177,-0.000627311668120023,8,-0.0006273115882208908,1.1807558007272802e-37,-0.0006273115882208908,7.98991322322612e-11,5.520361067179458e-05,-35.8406930831165,-35.84068851817626,0.0007456888523469998,0.8412511280629643,-0.45874887193703573,-0.5087488719370358,-0.5587488719370356,-0.6087488719370356
12253883,91577,0.7,794734,1.708325438176672e-05,0.0002644072213393578,-0.00024732396691728997,8,-0.00024732398429704565,1.5822288440790832e-43,-0.00024732398429704565,-1.7379755674982317e-11,1.0470372247217696e-05,-14.13055557685794,-14.130556569829249,0.00027173368420548114,0.9101705039630743,-0.38982949603692574,-0.4398294960369258,-0.4898294960369256,-0.5398294960369256
12253883,468389,0.8,764489,1.708325438176672e-05,6.650696019860902e-05,-4.9423705752948965e-05,8,-4.942362708184095e-05,1.0133666781731373e-49,-4.942362708184095e-05,7.867110801240522e-11,1.842946952157476e-06,-2.8237636233203083,-2.823759128541748,9.440272530022352e-05,0.5235402571764941,-0.7764597428235059,-0.826459742823506,-0.8764597428235058,-0.9264597428235058
12253883,2395769,0.9,627593,1.708325438176672e-05,3.176599551180104e-05,-1.4682741124538712e-05,8,-1.4682682991778594e-05,4.5682756830405253e-57,-1.4682682991778594e-05,5.813276011758825e-11,2.495153337278566e-07,-0.8388806473830163,-0.8388773260381102,2.6479625092326793e-05,0.5544898366417321,-0.7455101633582679,-0.795510163358268,-0.8455101633582678,-0.8955101633582678
12253883,3909253,0.93,526379,1.708325438176672e-05,3.167379113477864e-05,-1.4590536680403332e-05,8,-1.4590529781279887e-05,6.382590859299433e-60,-1.4590529781279887e-05,6.89912344545567e-12,1.179347457469504e-07,-0.8336126580388052,-0.8336122638657355,1.5817917272690233e-05,0.9224052401936985,-0.3775947598063015,-0.42759475980630157,-0.4775947598063014,-0.5275947598063014
12253883,5418253,0.95,428059,1.708325438176672e-05,3.397540508354169e-05,-1.6892150633787684e-05,8,-1.6892195248702826e-05,2.956749641609599e-62,-1.6892195248702826e-05,-4.461491514228498e-11,6.473264302364612e-08,-0.9651125862105285,-0.9651151352297191,1.0204294824218281e-05,1.6554005484643457,0.35540054846434566,0.3054005484643456,0.2554005484643458,0.20540054846434574
12253883,7509743,0.97,294708,1.708325438176672e-05,2.2582941688664704e-05,-5.499687218163407e-06,8,-5.499711228629674e-06,2.5110727663342336e-65,-5.499711228629674e-06,-2.401046626671348e-11,2.980550606324073e-08,-0.31421797434448495,-0.31421934615342134,5.546620740415392e-06,0.9915426862623015,-0.3084573137376986,-0.3584573137376986,-0.40845731373769845,-0.4584573137376985
12253883,8841097,0.98,211031,1.708325438176672e-05,2.5133916556008273e-05,-8.050662096827782e-06,8,-8.050666238383834e-06,1.707838739943644e-67,-8.050666238383834e-06,-4.141556052234896e-12,1.7372451921460197e-08,-0.45996483724431103,-0.4599650738671046,3.5236172449364914e-06,2.2847731971889975,0.9847731971889975,0.9347731971889974,0.8847731971889976,0.8347731971889976
12253883,9592889,0.985,164172,1.708325438176672e-05,2.247663535870359e-05,-5.393380918837509e-06,8,-5.393363126069923e-06,6.221512278643399e-69,-5.393363126069923e-06,1.7792767586504864e-11,1.218380263345864e-08,-0.30814429256783343,-0.30814327599958746,2.5804222800791995e-06,2.090108726663291,0.7901087266632911,0.7401087266632911,0.6901087266632913,0.6401087266632912
12253883,10408553,0.99,113678,1.708325438176672e-05,1.108067104382826e-05,6.002583376990556e-06,8,6.002585697427971e-06,7.444541298220646e-71,6.002585697427971e-06,2.3204374153827146e-12,7.663315537698168e-09,0.3429503378524334,0.3429504704278173,1.6800888849689152e-06,,,,,
12253883,11293589,0.995,58961,1.708325438176672e-05,1.889286116796285e-05,-1.809606781167164e-06,8,-1.8096004346642474e-06,4.756853321534771e-74,-1.8096004346642474e-06,6.3465029166452554e-12,3.5300353751210878e-09,-0.10338969373757853,-0.10338933113781394,8.205688098405939e-07,2.205300046702708,0.9053000467027081,0.8553000467027081,0.8053000467027083,0.7553000467027082
29093377,5393,0.5,1804378,9.018002268490477e-06,0.0008514780565302971,-0.0008424600540452021,8,-0.0008424599495490861,2.260273612933691e-33,-0.0008424599495490861,1.0449611597025676e-10,0.00018486956927765696,-78.09472966816034,-78.0947199815338,0.0015739128521080777,0.5352646739117141,-0.764735326088286,-0.814735326088286,-0.8647353260882858,-0.9147353260882859
29093377,30071,0.6,1801838,9.018002268490477e-06,0.0003640073514930009,-0.00035498934901501134,8,-0.0003549894989081671,1.834067805984946e-39,-0.0003549894989081671,-1.4989315577597015e-10,3.295231368438678e-05,-32.90695756230606,-32.90697145716722,0.000548469997515291,0.6472359482129563,-0.6527640517870438,-0.7027640517870438,-0.7527640517870436,-0.8027640517870437
29093377,167747,0.7,1789770,9.018002268490477e-06,0.00016397810840107496,-0.00015496010591525833,8,-0.00015496030108908814,1.2841221844474013e-45,-0.00015496030108908814,-1.9517382981591898e-10,5.761680943239256e-06,-14.364559509610038,-14.364577601918873,0.00019216713389117745,0.806382954001077,-0.4936170459989231,-0.5436170459989231,-0.593617045998923,-0.643617045998923
29093377,935461,0.8,1731219,9.018002268490477e-06,9.558577584867223e-05,-8.65677733310477e-05,8,-8.656772436755816e-05,4.5567499317758124e-52,-8.656772436755816e-05,4.89634895399927e-11,9.400658487201952e-07,-8.024697223092334,-8.024692684253418,6.441314329914454e-05,1.3439450387559002,0.04394503875590017,-0.006054961244099877,-0.0560549612440997,-0.10605496124409974
29093377,5216921,0.9,1442570,9.018002268490477e-06,3.212930832852123e-05,-2.3111305822651196e-05,8,-2.3111399158209242e-05,1.2200690483591862e-59,-2.3111399158209242e-05,-9.333555804592279e-11,1.186468077118974e-07,-2.1423819109662916,-2.142390563026575,1.751810645757521e-05,1.3192863745964603,0.01928637459646021,-0.030713625403539835,-0.08071362540353966,-0.1307136254035397
29093377,8736263,0.93,1219085,9.018002268490477e-06,2.5537542495790433e-05,-1.651953997219846e-05,8,-1.6519596063294353e-05,1.4592325608530893e-62,-1.6519596063294353e-05,-5.609109589288768e-11,5.4935483051465894e-08,-1.5313355240722053,-1.5313407236290857,1.0380293098568167e-05,1.591438305877223,0.29143830587722297,0.24143830587722293,0.1914383058772231,0.14143830587722306
29093377,12319799,0.95,997412,9.018002268490477e-06,2.1231809665511747e-05,-1.2213807218268424e-05,8,-1.22137464686646e-05,6.097196454939783e-65,-1.22137464686646e-05,6.074960382356225e-11,2.974344859296707e-08,-1.132200830590978,-1.1321951991976968,6.662486638201807e-06,1.8332114016758567,0.5332114016758567,0.48321140167585663,0.4332114016758568,0.38321140167585677
29093377,17373143,0.97,691384,9.018002268490477e-06,1.3962488786489757e-05,-4.9444863154390895e-06,8,-4.944499632823259e-06,4.6216908743074735e-68,-4.944499632823259e-06,-1.3317384169172705e-11,1.3503950402338205e-08,-0.4583461498239959,-0.45834738432468425,3.6040893457360434e-06,1.371913723135926,0.07191372313592592,0.021913723135925878,-0.028086276864073945,-0.07808627686407399
29093377,20630893,0.98,497034,9.018002268490477e-06,1.2006208573112076e-05,-2.988206326094006e-06,8,-2.988250454436962e-06,2.988009442827805e-70,-2.988250454436962e-06,-4.412834295600186e-11,7.824244141474423e-09,-0.2770020538166394,-0.27700614444502863,2.2842575983320395e-06,1.3081932863521946,0.008193286352194518,-0.04180671364780553,-0.09180671364780535,-0.1418067136478054
29093377,22482067,0.985,387507,9.018002268490477e-06,7.481233131212406e-06,1.5367690600932848e-06,8,1.5367437258379485e-06,1.0688267898809485e-71,1.5367437258379485e-06,-2.5334255336383735e-11,5.477188702585067e-09,0.142456088848503,0.1424537404026481,1.6709638001852967e-06,,,,,
29093377,24499441,0.99,268551,9.018002268490477e-06,1.1390652043363758e-05,-2.3726498087281445e-06,8,-2.3726183763564625e-06,1.1827430159658135e-73,-2.3726183763564625e-06,3.1432371681962355e-11,3.3929097309481904e-09,-0.21994092719308328,-0.21993801346137867,1.0867234071951335e-06,2.183277143611237,0.883277143611237,0.833277143611237,0.7832771436112371,0.7332771436112371
29093377,26697773,0.995,139691,9.018002268490477e-06,1.0634515159146929e-05,-1.6165128938110465e-06,8,-1.6165009293200505e-06,7.675372593600705e-77,-1.6165009293200505e-06,1.1964490995977541e-11,1.573090768758334e-09,-0.14984821753993313,-0.1498471084503265,5.301850066373868e-07,3.0489374634949558,1.7489374634949557,1.6989374634949557,1.6489374634949558,1.5989374634949558
56048351,7481,0.5,3340066,5.2226264402044364e-06,0.0006999243131180499,-0.0006947016864844446,8,-0.0006947018801486028,1.5835535389078797e-34,-0.0006947018801486028,-1.9366415816932797e-10,0.00013337511011846104,-92.79330030554168,-92.79332617381972,0.0012886459199837584,0.5390944629362258,-0.7609055370637743,-0.8109055370637743,-0.8609055370637742,-0.9109055370637742
56048351,44579,0.6,3336379,5.2226264402044364e-06,0.00048427365782366394,-0.0004790510311973861,8,-0.0004790506964665204,7.584994056274707e-41,-0.0004790506964665204,3.3473086574666716e-10,2.2275453329667627e-05,-63.98822266364805,-63.98817795268456,0.00043494636589491963,1.101401768194693,-0.198598231805307,-0.24859823180530705,-0.29859823180530687,-0.3485982318053069
56048351,265451,0.7,3317747,5.2226264402044364e-06,0.00011720111153534774,-0.00011197848488203599,8,-0.00011197828089316821,3.324314593181584e-47,-0.00011197828089316821,2.03988867776019e-10,3.6595681636164556e-06,-14.957287966294567,-14.95726071891539,0.00014792156732766097,0.7570111844821464,-0.5429888155178536,-0.5929888155178537,-0.6429888155178535,-0.6929888155178535
56048351,1580699,0.8,3221204,5.2226264402044364e-06,5.365750943253644e-05,-4.843488283354236e-05,8,-4.843517736850159e-05,7.530084503857504e-54,-4.843517736850159e-05,-2.94534959233996e-10,5.633552777606354e-07,-6.469586464919656,-6.46962580680043,4.8238267115281874e-05,1.0040820341400145,-0.29591796585998553,-0.3459179658599856,-0.3959179658599854,-0.44591796585998544
56048351,9412523,0.9,2712841,5.2226264402044364e-06,2.062965125926297e-05,-1.5407024611113762e-05,8,-1.5407150601313643e-05,1.3441350440114611e-61,-1.5407150601313643e-05,-1.2599019988098273e-10,6.740337887833903e-08,-2.0579605453224463,-2.057977374195444,1.2812123015388198e-05,1.2025446979246646,-0.09745530207533548,-0.14745530207533553,-0.19745530207533535,-0.2474553020753354
56048351,16075439,0.93,2305357,5.2226264402044364e-06,1.2612547441115396e-05,-7.3899207774924536e-06,8,-7.389774168212838e-06,1.4314756196660138e-64,-7.389774168212838e-06,1.4660927961594446e-10,3.072738574694256e-08,-0.9870929512352262,-0.9870733682125048,7.5448287240904044e-06,0.9794488965160358,-0.3205511034839642,-0.37055110348396425,-0.4205511034839641,-0.4705511034839641
56048351,22968593,0.95,1894635,5.2226264402044364e-06,1.0739793224967542e-05,-5.517166911842009e-06,8,-5.517095627716226e-06,5.517332969746886e-67,-5.517095627716226e-06,7.12841257825123e-11,1.6464741570132446e-08,-0.7369438365366872,-0.7369343149111903,4.823855734672774e-06,1.1437107432671756,-0.15628925673282446,-0.2062892567328245,-0.2562892567328243,-0.30628925673282437
56048351,32817493,0.97,1319903,5.2226264402044364e-06,1.2262028525000801e-05,-7.0394020788115685e-06,8,-7.039431902863368e-06,3.8194091557532824e-70,-7.039431902863368e-06,-2.982405179921901e-11,7.394511669644999e-09,-0.9402731615295172,-0.9402771452138076,2.599909452789706e-06,2.7075681021544997,1.4075681021544997,1.3575681021544996,1.3075681021544998,1.2575681021544998
56048351,39227569,0.98,951583,5.2226264402044364e-06,8.55263865950917e-06,-3.330012118531178e-06,8,-3.330003548132065e-06,2.3744605580744136e-72,-3.330003548132065e-06,8.57039911299006e-12,4.261603514521539e-09,-0.4447992865825232,-0.4447981418096889,1.6449345220402059e-06,2.0243988459807354,0.7243988459807353,0.6743988459807353,0.6243988459807355,0.5743988459807354
56048351,42887851,0.985,742805,5.2226264402044364e-06,8.179150132292534e-06,-2.9565234889797343e-06,8,-2.9565914015767784e-06,8.197319320439343e-74,-2.9565914015767784e-06,-6.791259704416565e-11,2.969887225034995e-09,-0.39491133721240407,-0.39492040849312016,1.2022496422429354e-06,2.459215871390002,1.1592158713900018,1.1092158713900018,1.059215871390002,1.009215871390002
56048351,46889653,0.99,515587,5.2226264402044364e-06,1.0133416773694393e-05,-4.910790111065447e-06,8,-4.9107704296228545e-06,8.928972304781219e-76,-4.9107704296228545e-06,1.9681442592215173e-11,1.833610374646355e-09,-0.6559483449933785,-0.6559457160865421,7.812403676961762e-07,6.285863650523304,4.985863650523304,4.935863650523304,4.885863650523303,4.8358636505233035
56048351,51264887,0.995,268641,5.2226264402044364e-06,7.536421936293891e-06,-2.3137953964027028e-06,8,-2.313779523474425e-06,5.753217746299713e-79,-2.313779523474425e-06,1.5872928277783796e-11,8.476206403429387e-10,-0.30906029917747063,-0.3090581789848339,3.808289175111306e-07,6.075640312704981,4.775640312704981,4.72564031270498,4.6756403127049815,4.625640312704981
99999989,9973,0.5,5760226,4.035858379047852e-06,0.0015246083296776014,-0.0015205724711273572,8,-0.001520572555020185,1.4476795370691067e-35,-0.001520572555020185,-8.389282779748541e-11,9.981963965666196e-05,-280.0997833086785,-280.09979876230756,0.0010820954796459973,1.4052110776006876,0.1052110776006876,0.05521107760068755,0.00521107760068773,-0.044788922399312314
99999989,63079,0.6,5755129,4.035858379047852e-06,0.00034124776342636665,-0.00033721190488322783,8,-0.0003372124155720133,4.6614688943655675e-42,-0.0003372124155720133,-5.106887854765783e-10,1.5760099584261056e-05,-62.116724641786455,-62.11681871413148,0.00035482721462539715,0.9503566853743719,-0.34964331462562814,-0.3996433146256282,-0.449643314625628,-0.49964331462562805
99999989,398087,0.7,5727748,4.035858379047852e-06,0.00012444373730957636,-0.00012040787873424108,8,-0.00012040737329981385,1.3033696427135603e-48,-0.00012040737329981385,5.054344272352159e-10,2.449583710761871e-06,-22.179949579853858,-22.179856475397322,0.00011748748119663283,1.0248527934503433,-0.27514720654965674,-0.3251472065496568,-0.3751472065496566,-0.42514720654965665
99999989,2511881,0.8,5577574,4.035858379047852e-06,2.9431190761819437e-05,-2.5395332236333168e-05,8,-2.5395661752791108e-05,1.9927766637304835e-55,-2.5395661752791108e-05,-3.295164579396228e-10,3.580961172033881e-07,-4.677992789896459,-4.678053489067474,3.738719825359039e-05,0.6792608951475066,-0.6207391048524934,-0.6707391048524934,-0.7207391048524933,-0.7707391048524933
99999989,15848929,0.9,4739478,4.035858379047852e-06,1.1212921569914158e-05,-7.177062995966654e-06,8,-7.177163352544125e-06,2.487337933872599e-63,-7.177163352544125e-06,-1.0035657747088113e-10,4.0865302919357305e-08,-1.3220637806710764,-1.3220822670346908,9.722687105862536e-06,0.7381872186565046,-0.5618127813434954,-0.6118127813434955,-0.6618127813434953,-0.7118127813434953
99999989,27542269,0.93,4046757,4.035858379047852e-06,9.147816437238276e-06,-5.1119580745384585e-06,8,-5.112097512611793e-06,2.3862382758025025e-66,-5.112097512611793e-06,-1.3943807333476207e-10,1.8374749055638517e-08,-0.9416574192611072,-0.9416831047018657,5.694052218293665e-06,0.897796036395278,-0.402203963604722,-0.45220396360472204,-0.5022039636047219,-0.5522039636047219
99999989,39810709,0.95,3338533,4.035858379047852e-06,1.2485437320464143e-05,-8.449578835743876e-06,8,-8.449735216153019e-06,8.547382161387678e-69,-8.449735216153019e-06,-1.5638040914250342e-10,9.754838492526119e-09,-1.5564698466405607,-1.5564986529747185,3.628035033205526e-06,2.3290114728267417,1.0290114728267417,0.9790114728267416,0.9290114728267418,0.8790114728267417
99999989,57543979,0.97,2336502,4.035858379047852e-06,8.3030800910322e-06,-4.267221722181053e-06,8,-4.26725216357281e-06,5.507901618344365e-72,-4.26725216357281e-06,-3.044139175760116e-11,4.341753845338303e-09,-0.7860512421527915,-0.7860568496640393,1.9490468511989216e-06,2.1894046112580035,0.8894046112580034,0.8394046112580034,0.7894046112580035,0.7394046112580035
99999989,69183083,0.98,1688669,4.035858379047852e-06,6.155083975389886e-06,-2.1192255855589925e-06,8,-2.1189632241096878e-06,3.2919835780241665e-74,-2.1189632241096878e-06,2.623614493047807e-10,2.4907007567520623e-09,-0.39037575555816045,-0.39032742679613547,1.2312276861748335e-06,1.721016549500168,0.42101654950016787,0.3710165495001678,0.321016549500168,0.27101654950016796
99999989,75857737,0.985,1319753,4.035858379047852e-06,7.95775423112488e-06,-3.921895783741067e-06,8,-3.921744703264937e-06,1.113804140436586e-75,-3.921744703264937e-06,1.5108047612993658e-10,1.7306931443528129e-09,-0.7224398573851892,-0.7224120273347118,8.991975412441853e-07,4.361382814546588,3.0613828145465884,3.011382814546588,2.9613828145465884,2.911382814546588
99999989,83176363,0.99,917534,4.035858379047852e-06,6.593564000123564e-06,-2.5577055658976278e-06,8,-2.5576110139152495e-06,1.2024092891989052e-77,-2.5576110139152495e-06,9.455198237826501e-11,1.069001775988454e-09,-0.4711467479377526,-0.4711293308200035,5.838751468989153e-07,4.380407399594355,3.080407399594355,3.030407399594355,2.980407399594355,2.9304073995943547
99999989,91201069,0.995,478813,4.035858379047852e-06,4.354637772152614e-06,-3.187793223558e-07,8,-3.187939195995427e-07,7.65691791107853e-81,-3.187939195995427e-07,-1.4597243742741264e-11,4.960918342789e-10,-0.05872131766856666,-0.05872400658006998,2.844115040376163e-07,1.1208896794743541,-0.1791103205256459,-0.22911032052564595,-0.27911032052564577,-0.3291103205256458
